<?xml version="1.0" encoding="UTF-8"?>

<beans xmlns="http://www.springframework.org/schema/beans"
	xmlns:xsi="http://www.w3.org/2001/XMLSchema-instance"
	xmlns:context="http://www.springframework.org/schema/context"
	xmlns:mybatis-spring="http://mybatis.org/schema/mybatis-spring"
	xmlns:tx="http://www.springframework.org/schema/tx"
	xsi:schemaLocation="http://www.springframework.org/schema/beans
		http://www.springframework.org/schema/beans/spring-beans.xsd
		http://mybatis.org/schema/mybatis-spring
		http://mybatis.org/schema/mybatis-spring-1.2.xsd
		http://www.springframework.org/schema/tx
		http://www.springframework.org/schema/tx/spring-tx-4.0.xsd
		http://www.springframework.org/schema/context
		http://www.springframework.org/schema/context/spring-context-4.0.xsd">

	<bean id="UDiskBean" class="testSpring.UDisk">
		<!-- 使用有参数构造方法，并赋参数值 -->
		<constructor-arg name="name" value="MyDisk"></constructor-arg>
		<!-- 使用get方法，为属性赋值 -->
		<property name="size" value="300"></property>
	</bean>

	<bean id="ComputerBean" class="testSpring.Computer">
		<!-- 使用有参数构造方法，并赋参数值 -->
		<constructor-arg name="name" value="MyComputer"></constructor-arg>
		<!-- 使用get方法，为属性赋值 -->
		<property name="uDisk" ref="UDiskBean"></property>
	</bean>

	<context:component-scan
		base-package="testSpring"></context:component-scan>


</beans>