<?xml version="1.0" encoding="UTF-8" ?>
<!DOCTYPE configuration
  PUBLIC "-//mybatis.org//DTD Config 3.0//EN"
  "http://mybatis.org/dtd/mybatis-3-config.dtd">
<!-- 根标签 -->
<configuration>
	<!-- 环境，可以配置多个，default：指定采用哪个环境 -->
	<environments default="AdventureWorks2008R2">
		<!-- id：唯一标识 -->
		<environment id="AdventureWorks2008R2">
			<!-- 事务管理器，JDBC类型的事务管理器 -->
			<transactionManager type="JDBC" />
			<!-- 数据源，池类型的数据源 -->
			<dataSource type="POOLED">
				<property name="driver"
					value="com.microsoft.sqlserver.jdbc.SQLServerDriver" />
				<property name="url"
					value="jdbc:sqlserver://localhost:1433;DatabaseName=AdventureWorks2008R2" />
				<property name="username" value="sa" />
				<property name="password" value="123456" />
			</dataSource>
		</environment>
	</environments>
	<mappers>
		<mapper resource="mappers/AddressMapper.xml" />
	</mappers>
</configuration>